Workbook
Name Keys: Data_Source!$A$4:$A$100
Name Values_Ach: Data_Source!$F$4:$F$100
Name Values_Actual: Data_Source!$C$4:$C$100
Name Values_LY: Data_Source!$E$4:$E$100
Name Values_Target: Data_Source!$D$4:$D$100
Name Values_YoY: Data_Source!$G$4:$G$100
Name Value_Share: Data_Source!$H$4:$H$100

Sheet Data_Source
A1: 使用说明: 请在下方更新每月数据，Dashboard页会自动刷新。不要修改'Channel_Key'列。
A3: Channel_Key | B3: Channel_Name | C3: Actual | D3: Target | E3: LY_Actual | F3: Ach % (Auto) | G3: YoY % (Auto) | H3: Share
A4: TOTAL | B4: Total Net Sales | C4: 14470000 | D4: 16800000 | E4: 12350000 | F4: =IF(D4<>0,C4/D4,0) -> 0.86130952 | G4: =IF(E4<>0,(C4-E4)/E4,0) -> 0.17165992 | H4: =C4/$C$4 -> 1
A5: SOCIAL | B5: Social | C5: 1610000 | D5: 1890000 | E5: 1900000 | F5: =IF(D5<>0,C5/D5,0) -> 0.85185185 | G5: =IF(E5<>0,(C5-E5)/E5,0) -> -0.15263158 | H5: =C5/$C$4 -> 0.11126469
A6: FF | B6: FF (Internal) | C6: 610000 | D6: 450000 | E6: 140000 | F6: =IF(D6<>0,C6/D6,0) -> 1.3555556 | G6: =IF(E6<>0,(C6-E6)/E6,0) -> 3.3571429 | H6: =C6/$C$4 -> 0.042156185
A7: CORE | B7: Core Business | C7: 12250000 | D7: 14400000 | E7: 10300000 | F7: =IF(D7<>0,C7/D7,0) -> 0.85069444 | G7: =IF(E7<>0,(C7-E7)/E7,0) -> 0.18932039 | H7: =C7/$C$4 -> 0.84657913
A8: PFS | B8: PFS (Tmall) | C8: 12160000 | D8: 14300000 | E8: 10100000 | F8: =IF(D8<>0,C8/D8,0) -> 0.85034965 | G8: =IF(E8<>0,(C8-E8)/E8,0) -> 0.2039604 | H8: =C8/$C$4 -> 0.84035936
A9: ORG | B9: DTC Organic | C9: 90000 | D9: 130000 | E9: 170000 | F9: =IF(D9<>0,C9/D9,0) -> 0.69230769 | G9: =IF(E9<>0,(C9-E9)/E9,0) -> -0.47058824 | H9: =C9/$C$4 -> 0.006219765

Sheet Driver_Tree_View
B2: Total Net Sales Value Driver Tree
O5: =VLOOKUP("TOTAL",Data_Source!$A$4:$B$20,2,FALSE) -> Total Net Sales
O6: =SUMIF(Keys,"TOTAL",Values_Actual) -> 14470000
P9: Target | R9: =SUMIF(Keys,"TOTAL",Values_Target) -> 16800000 | T9: Ach% | V9: =SUMIF(Keys,"TOTAL",Values_Ach) -> 0.86130952
P10: LY | R10: =SUMIF(Keys,"TOTAL",Values_LY) -> 12350000 | T10: YoY | V10: =SUMIF(Keys,"TOTAL",Values_YoY) -> 0.17165992
C15: =VLOOKUP("SOCIAL",Data_Source!$A$4:$B$20,2,FALSE) -> Social | O15: =VLOOKUP("FF",Data_Source!$A$4:$B$20,2,FALSE) -> FF (Internal) | AA15: =VLOOKUP("CORE",Data_Source!$A$4:$B$20,2,FALSE) -> Core Business
C16: {=SUMIF(Keys,"SOCIAL",Values_Actual)} -> 1610000 | O16: {=SUMIF(Keys,"FF",Values_Actual)} -> 610000 | AA16: {=SUMIF(Keys,"CORE",Values_Actual)} -> 12250000
C18: {=SUMIF(Keys,"SOCIAL",Value_Share)} -> 0.11126469 | O18: {=SUMIF(Keys,"FF",Value_Share)} -> 0.042156185 | AA18: {=SUMIF(Keys,"CORE",Value_Share)} -> 0.84657913
D19: Target | F19: {=SUMIF(Keys,"SOCIAL",Values_Target)} -> 1890000 | H19: Ach% | J19: {=SUMIF(Keys,"SOCIAL",Values_Ach)} -> 0.85185185 | P19: Target | R19: {=SUMIF(Keys,"FF",Values_Target)} -> 450000 | T19: Ach% | V19: =SUMIF(Keys,"FF",Values_Ach) -> 1.3555556 | AB19: Target | AD19: =SUMIF(Keys,"CORE",Values_Target) -> 14400000 | AF19: Ach% | AH19: =SUMIF(Keys,"CORE",Values_Ach) -> 0.85069444
D20: LY | F20: {=SUMIF(Keys,"SOCIAL",Values_LY)} -> 1900000 | H20: YoY | J20: {=SUMIF(Keys,"SOCIAL",Values_YoY)} -> -0.15263158 | P20: LY | R20: =SUMIF(Keys,"FF",Values_LY) -> 140000 | T20: YoY | V20: =SUMIF(Keys,"FF",Values_YoY) -> 3.3571429 | AB20: LY | AD20: =SUMIF(Keys,"CORE",Values_LY) -> 10300000 | AF20: YoY | AH20: =SUMIF(Keys,"CORE",Values_YoY) -> 0.18932039
U25: =VLOOKUP("PFS",Data_Source!$A$4:$B$20,2,FALSE) -> PFS (Tmall) | AG25: =VLOOKUP("ORG",Data_Source!$A$4:$B$20,2,FALSE) -> DTC Organic
U26: {=SUMIF(Keys,"PFS",Values_Actual)} -> 12160000 | AG26: {=SUMIF(Keys,"ORG",Values_Actual)} -> 90000
U28: {=SUMIF(Keys,"PFS",Value_Share)} -> 0.84035936 | AG28: {=SUMIF(Keys,"ORG",Value_Share)} -> 0.006219765
V29: Target | X29: =SUMIF(Keys,"PFS",Values_Target) -> 14300000 | Z29: Ach% | AB29: =SUMIF(Keys,"PFS",Values_Ach) -> 0.85034965 | AH29: Target | AJ29: {=SUMIF(Keys,"ORG",Values_Target)} -> 130000 | AL29: Ach% | AN29: {=SUMIF(Keys,"ORG",Values_Ach)} -> 0.69230769
V30: LY | X30: =SUMIF(Keys,"PFS",Values_LY) -> 10100000 | Z30: YoY | AB30: =SUMIF(Keys,"PFS",Values_YoY) -> 0.2039604 | AH30: LY | AJ30: {=SUMIF(Keys,"ORG",Values_LY)} -> 170000 | AL30: YoY | AN30: {=SUMIF(Keys,"ORG",Values_YoY)} -> -0.47058824
C33: Color Legend:
C34: ■ Social (Risk)
C35: ■ Core (Healthy)
